edge_id,i,j,conductance
0,0,1,0.1
1,0,2,0.1
2,0,3,0.1
3,0,4,0.1
4,0,5,0.1
5,0,6,0.1
6,0,7,0.1
7,0,8,0.1
8,0,9,0.1
9,0,10,0.1
10,0,11,0.1
11,0,12,0.1
12,0,13,0.1
13,0,14,0.1
14,0,15,0.1
15,0,16,0.1
16,0,17,0.1
17,0,18,0.1
18,0,19,0.1
19,0,20,0.1
20,0,21,0.1
21,0,22,0.1
22,0,23,0.1
23,0,24,0.1
24,0,25,0.1
25,0,26,0.1
26,0,27,0.1
27,0,28,0.1
28,0,29,0.1
29,0,30,0.1
30,0,31,0.1
31,0,32,0.1
32,0,33,0.1
33,0,34,0.1
34,0,35,0.1
35,0,36,0.1
36,0,37,0.1
37,0,38,0.1
38,0,39,0.1
39,0,40,0.1
40,0,41,0.1
41,0,42,0.1
42,0,43,0.1
43,0,44,0.1
44,0,45,0.1
45,0,46,0.1
46,0,47,0.1
47,0,48,0.1
48,0,49,0.1
49,0,50,0.1
50,0,51,0.1
51,0,52,0.1
52,0,53,0.1
53,0,54,0.1
54,0,55,0.1
55,0,56,0.1
56,0,57,0.1
57,0,58,0.1
58,0,59,0.1
59,0,60,0.1
60,0,61,0.1
61,0,62,0.1
62,0,63,0.1
63,1,2,0.1
64,1,3,0.1
65,1,4,0.1
66,1,5,0.1
67,1,6,0.1
68,1,7,0.1
69,1,8,0.1
70,1,9,0.1
71,1,10,0.1
72,1,11,0.1
73,1,12,0.1
74,1,13,0.1
75,1,14,0.1
76,1,15,0.1
77,1,16,0.1
78,1,17,0.1
79,1,18,0.1
80,1,19,0.1
81,1,20,0.1
82,1,21,0.1
83,1,22,0.1
84,1,23,0.1
85,1,24,0.1
86,1,25,0.1
87,1,26,0.1
88,1,27,0.1
89,1,28,0.1
90,1,29,0.1
91,1,30,0.1
92,1,31,0.1
93,1,32,0.1
94,1,33,0.1
95,1,34,0.1
96,1,35,0.1
97,1,36,0.1
98,1,37,0.1
99,1,38,0.1
100,1,39,0.1
101,1,40,0.1
102,1,41,0.1
103,1,42,0.1
104,1,43,0.1
105,1,44,0.1
106,1,45,0.1
107,1,46,0.1
108,1,47,0.1
109,1,48,0.1
110,1,49,0.1
111,1,50,0.1
112,1,51,0.1
113,1,52,0.1
114,1,53,0.1
115,1,54,0.1
116,1,55,0.1
117,1,56,0.1
118,1,57,0.1
119,1,58,0.1
120,1,59,0.1
121,1,60,0.1
122,1,61,0.1
123,1,62,0.1
124,1,63,0.1
125,2,3,0.1
126,2,4,0.1
127,2,5,0.1
128,2,6,0.1
129,2,7,0.1
130,2,8,0.1
131,2,9,0.1
132,2,10,0.1
133,2,11,0.1
134,2,12,0.1
135,2,13,0.1
136,2,14,0.1
137,2,15,0.1
138,2,16,0.1
139,2,17,0.1
140,2,18,0.1
141,2,19,0.1
142,2,20,0.1
143,2,21,0.1
144,2,22,0.1
145,2,23,0.1
146,2,24,0.1
147,2,25,0.1
148,2,26,0.1
149,2,27,0.1
150,2,28,0.1
151,2,29,0.1
152,2,30,0.1
153,2,31,0.1
154,2,32,0.1
155,2,33,0.1
156,2,34,0.1
157,2,35,0.1
158,2,36,0.1
159,2,37,0.1
160,2,38,0.1
161,2,39,0.1
162,2,40,0.1
163,2,41,0.1
164,2,42,0.1
165,2,43,0.1
166,2,44,0.1
167,2,45,0.1
168,2,46,0.1
169,2,47,0.1
170,2,48,0.1
171,2,49,0.1
172,2,50,0.1
173,2,51,0.1
174,2,52,0.1
175,2,53,0.1
176,2,54,0.1
177,2,55,0.1
178,2,56,0.1
179,2,57,0.1
180,2,58,0.1
181,2,59,0.1
182,2,60,0.1
183,2,61,0.1
184,2,62,0.1
185,2,63,0.1
186,3,4,0.1
187,3,5,0.1
188,3,6,0.1
189,3,7,0.1
190,3,8,0.1
191,3,9,0.1
192,3,10,0.1
193,3,11,0.1
194,3,12,0.1
195,3,13,0.1
196,3,14,0.1
197,3,15,0.1
198,3,16,0.1
199,3,17,0.1
200,3,18,0.1
201,3,19,0.1
202,3,20,0.1
203,3,21,0.1
204,3,22,0.1
205,3,23,0.1
206,3,24,0.1
207,3,25,0.1
208,3,26,0.1
209,3,27,0.1
210,3,28,0.1
211,3,29,0.1
212,3,30,0.1
213,3,31,0.1
214,3,32,0.1
215,3,33,0.1
216,3,34,0.1
217,3,35,0.1
218,3,36,0.1
219,3,37,0.1
220,3,38,0.1
221,3,39,0.1
222,3,40,0.1
223,3,41,0.1
224,3,42,0.1
225,3,43,0.1
226,3,44,0.1
227,3,45,0.1
228,3,46,0.1
229,3,47,0.1
230,3,48,0.1
231,3,49,0.1
232,3,50,0.1
233,3,51,0.1
234,3,52,0.1
235,3,53,0.1
236,3,54,0.1
237,3,55,0.1
238,3,56,0.1
239,3,57,0.1
240,3,58,0.1
241,3,59,0.1
242,3,60,0.1
243,3,61,0.1
244,3,62,0.1
245,3,63,0.1
246,4,5,0.1
247,4,6,0.1
248,4,7,0.1
249,4,8,0.1
250,4,9,0.1
251,4,10,0.1
252,4,11,0.1
253,4,12,0.1
254,4,13,0.1
255,4,14,0.1
256,4,15,0.1
257,4,16,0.1
258,4,17,0.1
259,4,18,0.1
260,4,19,0.1
261,4,20,0.1
262,4,21,0.1
263,4,22,0.1
264,4,23,0.1
265,4,24,0.1
266,4,25,0.1
267,4,26,0.1
268,4,27,0.1
269,4,28,0.1
270,4,29,0.1
271,4,30,0.1
272,4,31,0.1
273,4,32,0.1
274,4,33,0.1
275,4,34,0.1
276,4,35,0.1
277,4,36,0.1
278,4,37,0.1
279,4,38,0.1
280,4,39,0.1
281,4,40,0.1
282,4,41,0.1
283,4,42,0.1
284,4,43,0.1
285,4,44,0.1
286,4,45,0.1
287,4,46,0.1
288,4,47,0.1
289,4,48,0.1
290,4,49,0.1
291,4,50,0.1
292,4,51,0.1
293,4,52,0.1
294,4,53,0.1
295,4,54,0.1
296,4,55,0.1
297,4,56,0.1
298,4,57,0.1
299,4,58,0.1
300,4,59,0.1
301,4,60,0.1
302,4,61,0.1
303,4,62,0.1
304,4,63,0.1
305,5,6,0.1
306,5,7,0.1
307,5,8,0.1
308,5,9,0.1
309,5,10,0.1
310,5,11,0.1
311,5,12,0.1
312,5,13,0.1
313,5,14,0.1
314,5,15,0.1
315,5,16,0.1
316,5,17,0.1
317,5,18,0.1
318,5,19,0.1
319,5,20,0.1
320,5,21,0.1
321,5,22,0.1
322,5,23,0.1
323,5,24,0.1
324,5,25,0.1
325,5,26,0.1
326,5,27,0.1
327,5,28,0.1
328,5,29,0.1
329,5,30,0.1
330,5,31,0.1
331,5,32,0.1
332,5,33,0.1
333,5,34,0.1
334,5,35,0.1
335,5,36,0.1
336,5,37,0.1
337,5,38,0.1
338,5,39,0.1
339,5,40,0.1
340,5,41,0.1
341,5,42,0.1
342,5,43,0.1
343,5,44,0.1
344,5,45,0.1
345,5,46,0.1
346,5,47,0.1
347,5,48,0.1
348,5,49,0.1
349,5,50,0.1
350,5,51,0.1
351,5,52,0.1
352,5,53,0.1
353,5,54,0.1
354,5,55,0.1
355,5,56,0.1
356,5,57,0.1
357,5,58,0.1
358,5,59,0.1
359,5,60,0.1
360,5,61,0.1
361,5,62,0.1
362,5,63,0.1
363,6,7,0.1
364,6,8,0.1
365,6,9,0.1
366,6,10,0.1
367,6,11,0.1
368,6,12,0.1
369,6,13,0.1
370,6,14,0.1
371,6,15,0.1
372,6,16,0.1
373,6,17,0.1
374,6,18,0.1
375,6,19,0.1
376,6,20,0.1
377,6,21,0.1
378,6,22,0.1
379,6,23,0.1
380,6,24,0.1
381,6,25,0.1
382,6,26,0.1
383,6,27,0.1
384,6,28,0.1
385,6,29,0.1
386,6,30,0.1
387,6,31,0.1
388,6,32,0.1
389,6,33,0.1
390,6,34,0.1
391,6,35,0.1
392,6,36,0.1
393,6,37,0.1
394,6,38,0.1
395,6,39,0.1
396,6,40,0.1
397,6,41,0.1
398,6,42,0.1
399,6,43,0.1
400,6,44,0.1
401,6,45,0.1
402,6,46,0.1
403,6,47,0.1
404,6,48,0.1
405,6,49,0.1
406,6,50,0.1
407,6,51,0.1
408,6,52,0.1
409,6,53,0.1
410,6,54,0.1
411,6,55,0.1
412,6,56,0.1
413,6,57,0.1
414,6,58,0.1
415,6,59,0.1
416,6,60,0.1
417,6,61,0.1
418,6,62,0.1
419,6,63,0.1
420,7,8,0.1
421,7,9,0.1
422,7,10,0.1
423,7,11,0.1
424,7,12,0.1
425,7,13,0.1
426,7,14,0.1
427,7,15,0.1
428,7,16,0.1
429,7,17,0.1
430,7,18,0.1
431,7,19,0.1
432,7,20,0.1
433,7,21,0.1
434,7,22,0.1
435,7,23,0.1
436,7,24,0.1
437,7,25,0.1
438,7,26,0.1
439,7,27,0.1
440,7,28,0.1
441,7,29,0.1
442,7,30,0.1
443,7,31,0.1
444,7,32,0.1
445,7,33,0.1
446,7,34,0.1
447,7,35,0.1
448,7,36,0.1
449,7,37,0.1
450,7,38,0.1
451,7,39,0.1
452,7,40,0.1
453,7,41,0.1
454,7,42,0.1
455,7,43,0.1
456,7,44,0.1
457,7,45,0.1
458,7,46,0.1
459,7,47,0.1
460,7,48,0.1
461,7,49,0.1
462,7,50,0.1
463,7,51,0.1
464,7,52,0.1
465,7,53,0.1
466,7,54,0.1
467,7,55,0.1
468,7,56,0.1
469,7,57,0.1
470,7,58,0.1
471,7,59,0.1
472,7,60,0.1
473,7,61,0.1
474,7,62,0.1
475,7,63,0.1
476,8,9,0.1
477,8,10,0.1
478,8,11,0.1
479,8,12,0.1
480,8,13,0.1
481,8,14,0.1
482,8,15,0.1
483,8,16,0.1
484,8,17,0.1
485,8,18,0.1
486,8,19,0.1
487,8,20,0.1
488,8,21,0.1
489,8,22,0.1
490,8,23,0.1
491,8,24,0.1
492,8,25,0.1
493,8,26,0.1
494,8,27,0.1
495,8,28,0.1
496,8,29,0.1
497,8,30,0.1
498,8,31,0.1
499,8,32,0.1
500,8,33,0.1
501,8,34,0.1
502,8,35,0.1
503,8,36,0.1
504,8,37,0.1
505,8,38,0.1
506,8,39,0.1
507,8,40,0.1
508,8,41,0.1
509,8,42,0.1
510,8,43,0.1
511,8,44,0.1
512,8,45,0.1
513,8,46,0.1
514,8,47,0.1
515,8,48,0.1
516,8,49,0.1
517,8,50,0.1
518,8,51,0.1
519,8,52,0.1
520,8,53,0.1
521,8,54,0.1
522,8,55,0.1
523,8,56,0.1
524,8,57,0.1
525,8,58,0.1
526,8,59,0.1
527,8,60,0.1
528,8,61,0.1
529,8,62,0.1
530,8,63,0.1
531,9,10,0.1
532,9,11,0.1
533,9,12,0.1
534,9,13,0.1
535,9,14,0.1
536,9,15,0.1
537,9,16,0.1
538,9,17,0.1
539,9,18,0.1
540,9,19,0.1
541,9,20,0.1
542,9,21,0.1
543,9,22,0.1
544,9,23,0.1
545,9,24,0.1
546,9,25,0.1
547,9,26,0.1
548,9,27,0.1
549,9,28,0.1
550,9,29,0.1
551,9,30,0.1
552,9,31,0.1
553,9,32,0.1
554,9,33,0.1
555,9,34,0.1
556,9,35,0.1
557,9,36,0.1
558,9,37,0.1
559,9,38,0.1
560,9,39,0.1
561,9,40,0.1
562,9,41,0.1
563,9,42,0.1
564,9,43,0.1
565,9,44,0.1
566,9,45,0.1
567,9,46,0.1
568,9,47,0.1
569,9,48,0.1
570,9,49,0.1
571,9,50,0.1
572,9,51,0.1
573,9,52,0.1
574,9,53,0.1
575,9,54,0.1
576,9,55,0.1
577,9,56,0.1
578,9,57,0.1
579,9,58,0.1
580,9,59,0.1
581,9,60,0.1
582,9,61,0.1
583,9,62,0.1
584,9,63,0.1
585,10,11,0.1
586,10,12,0.1
587,10,13,0.1
588,10,14,0.1
589,10,15,0.1
590,10,16,0.1
591,10,17,0.1
592,10,18,0.1
593,10,19,0.1
594,10,20,0.1
595,10,21,0.1
596,10,22,0.1
597,10,23,0.1
598,10,24,0.1
599,10,25,0.1
600,10,26,0.1
601,10,27,0.1
602,10,28,0.1
603,10,29,0.1
604,10,30,0.1
605,10,31,0.1
606,10,32,0.1
607,10,33,0.1
608,10,34,0.1
609,10,35,0.1
610,10,36,0.1
611,10,37,0.1
612,10,38,0.1
613,10,39,0.1
614,10,40,0.1
615,10,41,0.1
616,10,42,0.1
617,10,43,0.1
618,10,44,0.1
619,10,45,0.1
620,10,46,0.1
621,10,47,0.1
622,10,48,0.1
623,10,49,0.1
624,10,50,0.1
625,10,51,0.1
626,10,52,0.1
627,10,53,0.1
628,10,54,0.1
629,10,55,0.1
630,10,56,0.1
631,10,57,0.1
632,10,58,0.1
633,10,59,0.1
634,10,60,0.1
635,10,61,0.1
636,10,62,0.1
637,10,63,0.1
638,11,12,0.1
639,11,13,0.1
640,11,14,0.1
641,11,15,0.1
642,11,16,0.1
643,11,17,0.1
644,11,18,0.1
645,11,19,0.1
646,11,20,0.1
647,11,21,0.1
648,11,22,0.1
649,11,23,0.1
650,11,24,0.1
651,11,25,0.1
652,11,26,0.1
653,11,27,0.1
654,11,28,0.1
655,11,29,0.1
656,11,30,0.1
657,11,31,0.1
658,11,32,0.1
659,11,33,0.1
660,11,34,0.1
661,11,35,0.1
662,11,36,0.1
663,11,37,0.1
664,11,38,0.1
665,11,39,0.1
666,11,40,0.1
667,11,41,0.1
668,11,42,0.1
669,11,43,0.1
670,11,44,0.1
671,11,45,0.1
672,11,46,0.1
673,11,47,0.1
674,11,48,0.1
675,11,49,0.1
676,11,50,0.1
677,11,51,0.1
678,11,52,0.1
679,11,53,0.1
680,11,54,0.1
681,11,55,0.1
682,11,56,0.1
683,11,57,0.1
684,11,58,0.1
685,11,59,0.1
686,11,60,0.1
687,11,61,0.1
688,11,62,0.1
689,11,63,0.1
690,12,13,0.1
691,12,14,0.1
692,12,15,0.1
693,12,16,0.1
694,12,17,0.1
695,12,18,0.1
696,12,19,0.1
697,12,20,0.1
698,12,21,0.1
699,12,22,0.1
700,12,23,0.1
701,12,24,0.1
702,12,25,0.1
703,12,26,0.1
704,12,27,0.1
705,12,28,0.1
706,12,29,0.1
707,12,30,0.1
708,12,31,0.1
709,12,32,0.1
710,12,33,0.1
711,12,34,0.1
712,12,35,0.1
713,12,36,0.1
714,12,37,0.1
715,12,38,0.1
716,12,39,0.1
717,12,40,0.1
718,12,41,0.1
719,12,42,0.1
720,12,43,0.1
721,12,44,0.1
722,12,45,0.1
723,12,46,0.1
724,12,47,0.1
725,12,48,0.1
726,12,49,0.1
727,12,50,0.1
728,12,51,0.1
729,12,52,0.1
730,12,53,0.1
731,12,54,0.1
732,12,55,0.1
733,12,56,0.1
734,12,57,0.1
735,12,58,0.1
736,12,59,0.1
737,12,60,0.1
738,12,61,0.1
739,12,62,0.1
740,12,63,0.1
741,13,14,0.1
742,13,15,0.1
743,13,16,0.1
744,13,17,0.1
745,13,18,0.1
746,13,19,0.1
747,13,20,0.1
748,13,21,0.1
749,13,22,0.1
750,13,23,0.1
751,13,24,0.1
752,13,25,0.1
753,13,26,0.1
754,13,27,0.1
755,13,28,0.1
756,13,29,0.1
757,13,30,0.1
758,13,31,0.1
759,13,32,0.1
760,13,33,0.1
761,13,34,0.1
762,13,35,0.1
763,13,36,0.1
764,13,37,0.1
765,13,38,0.1
766,13,39,0.1
767,13,40,0.1
768,13,41,0.1
769,13,42,0.1
770,13,43,0.1
771,13,44,0.1
772,13,45,0.1
773,13,46,0.1
774,13,47,0.1
775,13,48,0.1
776,13,49,0.1
777,13,50,0.1
778,13,51,0.1
779,13,52,0.1
780,13,53,0.1
781,13,54,0.1
782,13,55,0.1
783,13,56,0.1
784,13,57,0.1
785,13,58,0.1
786,13,59,0.1
787,13,60,0.1
788,13,61,0.1
789,13,62,0.1
790,13,63,0.1
791,14,15,0.1
792,14,16,0.1
793,14,17,0.1
794,14,18,0.1
795,14,19,0.1
796,14,20,0.1
797,14,21,0.1
798,14,22,0.1
799,14,23,0.1
800,14,24,0.1
801,14,25,0.1
802,14,26,0.1
803,14,27,0.1
804,14,28,0.1
805,14,29,0.1
806,14,30,0.1
807,14,31,0.1
808,14,32,0.1
809,14,33,0.1
810,14,34,0.1
811,14,35,0.1
812,14,36,0.1
813,14,37,0.1
814,14,38,0.1
815,14,39,0.1
816,14,40,0.1
817,14,41,0.1
818,14,42,0.1
819,14,43,0.1
820,14,44,0.1
821,14,45,0.1
822,14,46,0.1
823,14,47,0.1
824,14,48,0.1
825,14,49,0.1
826,14,50,0.1
827,14,51,0.1
828,14,52,0.1
829,14,53,0.1
830,14,54,0.1
831,14,55,0.1
832,14,56,0.1
833,14,57,0.1
834,14,58,0.1
835,14,59,0.1
836,14,60,0.1
837,14,61,0.1
838,14,62,0.1
839,14,63,0.1
840,15,16,0.1
841,15,17,0.1
842,15,18,0.1
843,15,19,0.1
844,15,20,0.1
845,15,21,0.1
846,15,22,0.1
847,15,23,0.1
848,15,24,0.1
849,15,25,0.1
850,15,26,0.1
851,15,27,0.1
852,15,28,0.1
853,15,29,0.1
854,15,30,0.1
855,15,31,0.1
856,15,32,0.1
857,15,33,0.1
858,15,34,0.1
859,15,35,0.1
860,15,36,0.1
861,15,37,0.1
862,15,38,0.1
863,15,39,0.1
864,15,40,0.1
865,15,41,0.1
866,15,42,0.1
867,15,43,0.1
868,15,44,0.1
869,15,45,0.1
870,15,46,0.1
871,15,47,0.1
872,15,48,0.1
873,15,49,0.1
874,15,50,0.1
875,15,51,0.1
876,15,52,0.1
877,15,53,0.1
878,15,54,0.1
879,15,55,0.1
880,15,56,0.1
881,15,57,0.1
882,15,58,0.1
883,15,59,0.1
884,15,60,0.1
885,15,61,0.1
886,15,62,0.1
887,15,63,0.1
888,16,17,0.1
889,16,18,0.1
890,16,19,0.1
891,16,20,0.1
892,16,21,0.1
893,16,22,0.1
894,16,23,0.1
895,16,24,0.1
896,16,25,0.1
897,16,26,0.1
898,16,27,0.1
899,16,28,0.1
900,16,29,0.1
901,16,30,0.1
902,16,31,0.1
903,16,32,0.1
904,16,33,0.1
905,16,34,0.1
906,16,35,0.1
907,16,36,0.1
908,16,37,0.1
909,16,38,0.1
910,16,39,0.1
911,16,40,0.1
912,16,41,0.1
913,16,42,0.1
914,16,43,0.1
915,16,44,0.1
916,16,45,0.1
917,16,46,0.1
918,16,47,0.1
919,16,48,0.1
920,16,49,0.1
921,16,50,0.1
922,16,51,0.1
923,16,52,0.1
924,16,53,0.1
925,16,54,0.1
926,16,55,0.1
927,16,56,0.1
928,16,57,0.1
929,16,58,0.1
930,16,59,0.1
931,16,60,0.1
932,16,61,0.1
933,16,62,0.1
934,16,63,0.1
935,17,18,0.1
936,17,19,0.1
937,17,20,0.1
938,17,21,0.1
939,17,22,0.1
940,17,23,0.1
941,17,24,0.1
942,17,25,0.1
943,17,26,0.1
944,17,27,0.1
945,17,28,0.1
946,17,29,0.1
947,17,30,0.1
948,17,31,0.1
949,17,32,0.1
950,17,33,0.1
951,17,34,0.1
952,17,35,0.1
953,17,36,0.1
954,17,37,0.1
955,17,38,0.1
956,17,39,0.1
957,17,40,0.1
958,17,41,0.1
959,17,42,0.1
960,17,43,0.1
961,17,44,0.1
962,17,45,0.1
963,17,46,0.1
964,17,47,0.1
965,17,48,0.1
966,17,49,0.1
967,17,50,0.1
968,17,51,0.1
969,17,52,0.1
970,17,53,0.1
971,17,54,0.1
972,17,55,0.1
973,17,56,0.1
974,17,57,0.1
975,17,58,0.1
976,17,59,0.1
977,17,60,0.1
978,17,61,0.1
979,17,62,0.1
980,17,63,0.1
981,18,19,0.1
982,18,20,0.1
983,18,21,0.1
984,18,22,0.1
985,18,23,0.1
986,18,24,0.1
987,18,25,0.1
988,18,26,0.1
989,18,27,0.1
990,18,28,0.1
991,18,29,0.1
992,18,30,0.1
993,18,31,0.1
994,18,32,0.1
995,18,33,0.1
996,18,34,0.1
997,18,35,0.1
998,18,36,0.1
999,18,37,0.1
1000,18,38,0.1
1001,18,39,0.1
1002,18,40,0.1
1003,18,41,0.1
1004,18,42,0.1
1005,18,43,0.1
1006,18,44,0.1
1007,18,45,0.1
1008,18,46,0.1
1009,18,47,0.1
1010,18,48,0.1
1011,18,49,0.1
1012,18,50,0.1
1013,18,51,0.1
1014,18,52,0.1
1015,18,53,0.1
1016,18,54,0.1
1017,18,55,0.1
1018,18,56,0.1
1019,18,57,0.1
1020,18,58,0.1
1021,18,59,0.1
1022,18,60,0.1
1023,18,61,0.1
1024,18,62,0.1
1025,18,63,0.1
1026,19,20,0.1
1027,19,21,0.1
1028,19,22,0.1
1029,19,23,0.1
1030,19,24,0.1
1031,19,25,0.1
1032,19,26,0.1
1033,19,27,0.1
1034,19,28,0.1
1035,19,29,0.1
1036,19,30,0.1
1037,19,31,0.1
1038,19,32,0.1
1039,19,33,0.1
1040,19,34,0.1
1041,19,35,0.1
1042,19,36,0.1
1043,19,37,0.1
1044,19,38,0.1
1045,19,39,0.1
1046,19,40,0.1
1047,19,41,0.1
1048,19,42,0.1
1049,19,43,0.1
1050,19,44,0.1
1051,19,45,0.1
1052,19,46,0.1
1053,19,47,0.1
1054,19,48,0.1
1055,19,49,0.1
1056,19,50,0.1
1057,19,51,0.1
1058,19,52,0.1
1059,19,53,0.1
1060,19,54,0.1
1061,19,55,0.1
1062,19,56,0.1
1063,19,57,0.1
1064,19,58,0.1
1065,19,59,0.1
1066,19,60,0.1
1067,19,61,0.1
1068,19,62,0.1
1069,19,63,0.1
1070,20,21,0.1
1071,20,22,0.1
1072,20,23,0.1
1073,20,24,0.1
1074,20,25,0.1
1075,20,26,0.1
1076,20,27,0.1
1077,20,28,0.1
1078,20,29,0.1
1079,20,30,0.1
1080,20,31,0.1
1081,20,32,0.1
1082,20,33,0.1
1083,20,34,0.1
1084,20,35,0.1
1085,20,36,0.1
1086,20,37,0.1
1087,20,38,0.1
1088,20,39,0.1
1089,20,40,0.1
1090,20,41,0.1
1091,20,42,0.1
1092,20,43,0.1
1093,20,44,0.1
1094,20,45,0.1
1095,20,46,0.1
1096,20,47,0.1
1097,20,48,0.1
1098,20,49,0.1
1099,20,50,0.1
1100,20,51,0.1
1101,20,52,0.1
1102,20,53,0.1
1103,20,54,0.1
1104,20,55,0.1
1105,20,56,0.1
1106,20,57,0.1
1107,20,58,0.1
1108,20,59,0.1
1109,20,60,0.1
1110,20,61,0.1
1111,20,62,0.1
1112,20,63,0.1
1113,21,22,0.1
1114,21,23,0.1
1115,21,24,0.1
1116,21,25,0.1
1117,21,26,0.1
1118,21,27,0.1
1119,21,28,0.1
1120,21,29,0.1
1121,21,30,0.1
1122,21,31,0.1
1123,21,32,0.1
1124,21,33,0.1
1125,21,34,0.1
1126,21,35,0.1
1127,21,36,0.1
1128,21,37,0.1
1129,21,38,0.1
1130,21,39,0.1
1131,21,40,0.1
1132,21,41,0.1
1133,21,42,0.1
1134,21,43,0.1
1135,21,44,0.1
1136,21,45,0.1
1137,21,46,0.1
1138,21,47,0.1
1139,21,48,0.1
1140,21,49,0.1
1141,21,50,0.1
1142,21,51,0.1
1143,21,52,0.1
1144,21,53,0.1
1145,21,54,0.1
1146,21,55,0.1
1147,21,56,0.1
1148,21,57,0.1
1149,21,58,0.1
1150,21,59,0.1
1151,21,60,0.1
1152,21,61,0.1
1153,21,62,0.1
1154,21,63,0.1
1155,22,23,0.1
1156,22,24,0.1
1157,22,25,0.1
1158,22,26,0.1
1159,22,27,0.1
1160,22,28,0.1
1161,22,29,0.1
1162,22,30,0.1
1163,22,31,0.1
1164,22,32,0.1
1165,22,33,0.1
1166,22,34,0.1
1167,22,35,0.1
1168,22,36,0.1
1169,22,37,0.1
1170,22,38,0.1
1171,22,39,0.1
1172,22,40,0.1
1173,22,41,0.1
1174,22,42,0.1
1175,22,43,0.1
1176,22,44,0.1
1177,22,45,0.1
1178,22,46,0.1
1179,22,47,0.1
1180,22,48,0.1
1181,22,49,0.1
1182,22,50,0.1
1183,22,51,0.1
1184,22,52,0.1
1185,22,53,0.1
1186,22,54,0.1
1187,22,55,0.1
1188,22,56,0.1
1189,22,57,0.1
1190,22,58,0.1
1191,22,59,0.1
1192,22,60,0.1
1193,22,61,0.1
1194,22,62,0.1
1195,22,63,0.1
1196,23,24,0.1
1197,23,25,0.1
1198,23,26,0.1
1199,23,27,0.1
1200,23,28,0.1
1201,23,29,0.1
1202,23,30,0.1
1203,23,31,0.1
1204,23,32,0.1
1205,23,33,0.1
1206,23,34,0.1
1207,23,35,0.1
1208,23,36,0.1
1209,23,37,0.1
1210,23,38,0.1
1211,23,39,0.1
1212,23,40,0.1
1213,23,41,0.1
1214,23,42,0.1
1215,23,43,0.1
1216,23,44,0.1
1217,23,45,0.1
1218,23,46,0.1
1219,23,47,0.1
1220,23,48,0.1
1221,23,49,0.1
1222,23,50,0.1
1223,23,51,0.1
1224,23,52,0.1
1225,23,53,0.1
1226,23,54,0.1
1227,23,55,0.1
1228,23,56,0.1
1229,23,57,0.1
1230,23,58,0.1
1231,23,59,0.1
1232,23,60,0.1
1233,23,61,0.1
1234,23,62,0.1
1235,23,63,0.1
1236,24,25,0.1
1237,24,26,0.1
1238,24,27,0.1
1239,24,28,0.1
1240,24,29,0.1
1241,24,30,0.1
1242,24,31,0.1
1243,24,32,0.1
1244,24,33,0.1
1245,24,34,0.1
1246,24,35,0.1
1247,24,36,0.1
1248,24,37,0.1
1249,24,38,0.1
1250,24,39,0.1
1251,24,40,0.1
1252,24,41,0.1
1253,24,42,0.1
1254,24,43,0.1
1255,24,44,0.1
1256,24,45,0.1
1257,24,46,0.1
1258,24,47,0.1
1259,24,48,0.1
1260,24,49,0.1
1261,24,50,0.1
1262,24,51,0.1
1263,24,52,0.1
1264,24,53,0.1
1265,24,54,0.1
1266,24,55,0.1
1267,24,56,0.1
1268,24,57,0.1
1269,24,58,0.1
1270,24,59,0.1
1271,24,60,0.1
1272,24,61,0.1
1273,24,62,0.1
1274,24,63,0.1
1275,25,26,0.1
1276,25,27,0.1
1277,25,28,0.1
1278,25,29,0.1
1279,25,30,0.1
1280,25,31,0.1
1281,25,32,0.1
1282,25,33,0.1
1283,25,34,0.1
1284,25,35,0.1
1285,25,36,0.1
1286,25,37,0.1
1287,25,38,0.1
1288,25,39,0.1
1289,25,40,0.1
1290,25,41,0.1
1291,25,42,0.1
1292,25,43,0.1
1293,25,44,0.1
1294,25,45,0.1
1295,25,46,0.1
1296,25,47,0.1
1297,25,48,0.1
1298,25,49,0.1
1299,25,50,0.1
1300,25,51,0.1
1301,25,52,0.1
1302,25,53,0.1
1303,25,54,0.1
1304,25,55,0.1
1305,25,56,0.1
1306,25,57,0.1
1307,25,58,0.1
1308,25,59,0.1
1309,25,60,0.1
1310,25,61,0.1
1311,25,62,0.1
1312,25,63,0.1
1313,26,27,0.1
1314,26,28,0.1
1315,26,29,0.1
1316,26,30,0.1
1317,26,31,0.1
1318,26,32,0.1
1319,26,33,0.1
1320,26,34,0.1
1321,26,35,0.1
1322,26,36,0.1
1323,26,37,0.1
1324,26,38,0.1
1325,26,39,0.1
1326,26,40,0.1
1327,26,41,0.1
1328,26,42,0.1
1329,26,43,0.1
1330,26,44,0.1
1331,26,45,0.1
1332,26,46,0.1
1333,26,47,0.1
1334,26,48,0.1
1335,26,49,0.1
1336,26,50,0.1
1337,26,51,0.1
1338,26,52,0.1
1339,26,53,0.1
1340,26,54,0.1
1341,26,55,0.1
1342,26,56,0.1
1343,26,57,0.1
1344,26,58,0.1
1345,26,59,0.1
1346,26,60,0.1
1347,26,61,0.1
1348,26,62,0.1
1349,26,63,0.1
1350,27,28,0.1
1351,27,29,0.1
1352,27,30,0.1
1353,27,31,0.1
1354,27,32,0.1
1355,27,33,0.1
1356,27,34,0.1
1357,27,35,0.1
1358,27,36,0.1
1359,27,37,0.1
1360,27,38,0.1
1361,27,39,0.1
1362,27,40,0.1
1363,27,41,0.1
1364,27,42,0.1
1365,27,43,0.1
1366,27,44,0.1
1367,27,45,0.1
1368,27,46,0.1
1369,27,47,0.1
1370,27,48,0.1
1371,27,49,0.1
1372,27,50,0.1
1373,27,51,0.1
1374,27,52,0.1
1375,27,53,0.1
1376,27,54,0.1
1377,27,55,0.1
1378,27,56,0.1
1379,27,57,0.1
1380,27,58,0.1
1381,27,59,0.1
1382,27,60,0.1
1383,27,61,0.1
1384,27,62,0.1
1385,27,63,0.1
1386,28,29,0.1
1387,28,30,0.1
1388,28,31,0.1
1389,28,32,0.1
1390,28,33,0.1
1391,28,34,0.1
1392,28,35,0.1
1393,28,36,0.1
1394,28,37,0.1
1395,28,38,0.1
1396,28,39,0.1
1397,28,40,0.1
1398,28,41,0.1
1399,28,42,0.1
1400,28,43,0.1
1401,28,44,0.1
1402,28,45,0.1
1403,28,46,0.1
1404,28,47,0.1
1405,28,48,0.1
1406,28,49,0.1
1407,28,50,0.1
1408,28,51,0.1
1409,28,52,0.1
1410,28,53,0.1
1411,28,54,0.1
1412,28,55,0.1
1413,28,56,0.1
1414,28,57,0.1
1415,28,58,0.1
1416,28,59,0.1
1417,28,60,0.1
1418,28,61,0.1
1419,28,62,0.1
1420,28,63,0.1
1421,29,30,0.1
1422,29,31,0.1
1423,29,32,0.1
1424,29,33,0.1
1425,29,34,0.1
1426,29,35,0.1
1427,29,36,0.1
1428,29,37,0.1
1429,29,38,0.1
1430,29,39,0.1
1431,29,40,0.1
1432,29,41,0.1
1433,29,42,0.1
1434,29,43,0.1
1435,29,44,0.1
1436,29,45,0.1
1437,29,46,0.1
1438,29,47,0.1
1439,29,48,0.1
1440,29,49,0.1
1441,29,50,0.1
1442,29,51,0.1
1443,29,52,0.1
1444,29,53,0.1
1445,29,54,0.1
1446,29,55,0.1
1447,29,56,0.1
1448,29,57,0.1
1449,29,58,0.1
1450,29,59,0.1
1451,29,60,0.1
1452,29,61,0.1
1453,29,62,0.1
1454,29,63,0.1
1455,30,31,0.1
1456,30,32,0.1
1457,30,33,0.1
1458,30,34,0.1
1459,30,35,0.1
1460,30,36,0.1
1461,30,37,0.1
1462,30,38,0.1
1463,30,39,0.1
1464,30,40,0.1
1465,30,41,0.1
1466,30,42,0.1
1467,30,43,0.1
1468,30,44,0.1
1469,30,45,0.1
1470,30,46,0.1
1471,30,47,0.1
1472,30,48,0.1
1473,30,49,0.1
1474,30,50,0.1
1475,30,51,0.1
1476,30,52,0.1
1477,30,53,0.1
1478,30,54,0.1
1479,30,55,0.1
1480,30,56,0.1
1481,30,57,0.1
1482,30,58,0.1
1483,30,59,0.1
1484,30,60,0.1
1485,30,61,0.1
1486,30,62,0.1
1487,30,63,0.1
1488,31,32,0.1
1489,31,33,0.1
1490,31,34,0.1
1491,31,35,0.1
1492,31,36,0.1
1493,31,37,0.1
1494,31,38,0.1
1495,31,39,0.1
1496,31,40,0.1
1497,31,41,0.1
1498,31,42,0.1
1499,31,43,0.1
1500,31,44,0.1
1501,31,45,0.1
1502,31,46,0.1
1503,31,47,0.1
1504,31,48,0.1
1505,31,49,0.1
1506,31,50,0.1
1507,31,51,0.1
1508,31,52,0.1
1509,31,53,0.1
1510,31,54,0.1
1511,31,55,0.1
1512,31,56,0.1
1513,31,57,0.1
1514,31,58,0.1
1515,31,59,0.1
1516,31,60,0.1
1517,31,61,0.1
1518,31,62,0.1
1519,31,63,0.1
1520,32,33,0.1
1521,32,34,0.1
1522,32,35,0.1
1523,32,36,0.1
1524,32,37,0.1
1525,32,38,0.1
1526,32,39,0.1
1527,32,40,0.1
1528,32,41,0.1
1529,32,42,0.1
1530,32,43,0.1
1531,32,44,0.1
1532,32,45,0.1
1533,32,46,0.1
1534,32,47,0.1
1535,32,48,0.1
1536,32,49,0.1
1537,32,50,0.1
1538,32,51,0.1
1539,32,52,0.1
1540,32,53,0.1
1541,32,54,0.1
1542,32,55,0.1
1543,32,56,0.1
1544,32,57,0.1
1545,32,58,0.1
1546,32,59,0.1
1547,32,60,0.1
1548,32,61,0.1
1549,32,62,0.1
1550,32,63,0.1
1551,33,34,0.1
1552,33,35,0.1
1553,33,36,0.1
1554,33,37,0.1
1555,33,38,0.1
1556,33,39,0.1
1557,33,40,0.1
1558,33,41,0.1
1559,33,42,0.1
1560,33,43,0.1
1561,33,44,0.1
1562,33,45,0.1
1563,33,46,0.1
1564,33,47,0.1
1565,33,48,0.1
1566,33,49,0.1
1567,33,50,0.1
1568,33,51,0.1
1569,33,52,0.1
1570,33,53,0.1
1571,33,54,0.1
1572,33,55,0.1
1573,33,56,0.1
1574,33,57,0.1
1575,33,58,0.1
1576,33,59,0.1
1577,33,60,0.1
1578,33,61,0.1
1579,33,62,0.1
1580,33,63,0.1
1581,34,35,0.1
1582,34,36,0.1
1583,34,37,0.1
1584,34,38,0.1
1585,34,39,0.1
1586,34,40,0.1
1587,34,41,0.1
1588,34,42,0.1
1589,34,43,0.1
1590,34,44,0.1
1591,34,45,0.1
1592,34,46,0.1
1593,34,47,0.1
1594,34,48,0.1
1595,34,49,0.1
1596,34,50,0.1
1597,34,51,0.1
1598,34,52,0.1
1599,34,53,0.1
1600,34,54,0.1
1601,34,55,0.1
1602,34,56,0.1
1603,34,57,0.1
1604,34,58,0.1
1605,34,59,0.1
1606,34,60,0.1
1607,34,61,0.1
1608,34,62,0.1
1609,34,63,0.1
1610,35,36,0.1
1611,35,37,0.1
1612,35,38,0.1
1613,35,39,0.1
1614,35,40,0.1
1615,35,41,0.1
1616,35,42,0.1
1617,35,43,0.1
1618,35,44,0.1
1619,35,45,0.1
1620,35,46,0.1
1621,35,47,0.1
1622,35,48,0.1
1623,35,49,0.1
1624,35,50,0.1
1625,35,51,0.1
1626,35,52,0.1
1627,35,53,0.1
1628,35,54,0.1
1629,35,55,0.1
1630,35,56,0.1
1631,35,57,0.1
1632,35,58,0.1
1633,35,59,0.1
1634,35,60,0.1
1635,35,61,0.1
1636,35,62,0.1
1637,35,63,0.1
1638,36,37,0.1
1639,36,38,0.1
1640,36,39,0.1
1641,36,40,0.1
1642,36,41,0.1
1643,36,42,0.1
1644,36,43,0.1
1645,36,44,0.1
1646,36,45,0.1
1647,36,46,0.1
1648,36,47,0.1
1649,36,48,0.1
1650,36,49,0.1
1651,36,50,0.1
1652,36,51,0.1
1653,36,52,0.1
1654,36,53,0.1
1655,36,54,0.1
1656,36,55,0.1
1657,36,56,0.1
1658,36,57,0.1
1659,36,58,0.1
1660,36,59,0.1
1661,36,60,0.1
1662,36,61,0.1
1663,36,62,0.1
1664,36,63,0.1
1665,37,38,0.1
1666,37,39,0.1
1667,37,40,0.1
1668,37,41,0.1
1669,37,42,0.1
1670,37,43,0.1
1671,37,44,0.1
1672,37,45,0.1
1673,37,46,0.1
1674,37,47,0.1
1675,37,48,0.1
1676,37,49,0.1
1677,37,50,0.1
1678,37,51,0.1
1679,37,52,0.1
1680,37,53,0.1
1681,37,54,0.1
1682,37,55,0.1
1683,37,56,0.1
1684,37,57,0.1
1685,37,58,0.1
1686,37,59,0.1
1687,37,60,0.1
1688,37,61,0.1
1689,37,62,0.1
1690,37,63,0.1
1691,38,39,0.1
1692,38,40,0.1
1693,38,41,0.1
1694,38,42,0.1
1695,38,43,0.1
1696,38,44,0.1
1697,38,45,0.1
1698,38,46,0.1
1699,38,47,0.1
1700,38,48,0.1
1701,38,49,0.1
1702,38,50,0.1
1703,38,51,0.1
1704,38,52,0.1
1705,38,53,0.1
1706,38,54,0.1
1707,38,55,0.1
1708,38,56,0.1
1709,38,57,0.1
1710,38,58,0.1
1711,38,59,0.1
1712,38,60,0.1
1713,38,61,0.1
1714,38,62,0.1
1715,38,63,0.1
1716,39,40,0.1
1717,39,41,0.1
1718,39,42,0.1
1719,39,43,0.1
1720,39,44,0.1
1721,39,45,0.1
1722,39,46,0.1
1723,39,47,0.1
1724,39,48,0.1
1725,39,49,0.1
1726,39,50,0.1
1727,39,51,0.1
1728,39,52,0.1
1729,39,53,0.1
1730,39,54,0.1
1731,39,55,0.1
1732,39,56,0.1
1733,39,57,0.1
1734,39,58,0.1
1735,39,59,0.1
1736,39,60,0.1
1737,39,61,0.1
1738,39,62,0.1
1739,39,63,0.1
1740,40,41,0.1
1741,40,42,0.1
1742,40,43,0.1
1743,40,44,0.1
1744,40,45,0.1
1745,40,46,0.1
1746,40,47,0.1
1747,40,48,0.1
1748,40,49,0.1
1749,40,50,0.1
1750,40,51,0.1
1751,40,52,0.1
1752,40,53,0.1
1753,40,54,0.1
1754,40,55,0.1
1755,40,56,0.1
1756,40,57,0.1
1757,40,58,0.1
1758,40,59,0.1
1759,40,60,0.1
1760,40,61,0.1
1761,40,62,0.1
1762,40,63,0.1
1763,41,42,0.1
1764,41,43,0.1
1765,41,44,0.1
1766,41,45,0.1
1767,41,46,0.1
1768,41,47,0.1
1769,41,48,0.1
1770,41,49,0.1
1771,41,50,0.1
1772,41,51,0.1
1773,41,52,0.1
1774,41,53,0.1
1775,41,54,0.1
1776,41,55,0.1
1777,41,56,0.1
1778,41,57,0.1
1779,41,58,0.1
1780,41,59,0.1
1781,41,60,0.1
1782,41,61,0.1
1783,41,62,0.1
1784,41,63,0.1
1785,42,43,0.1
1786,42,44,0.1
1787,42,45,0.1
1788,42,46,0.1
1789,42,47,0.1
1790,42,48,0.1
1791,42,49,0.1
1792,42,50,0.1
1793,42,51,0.1
1794,42,52,0.1
1795,42,53,0.1
1796,42,54,0.1
1797,42,55,0.1
1798,42,56,0.1
1799,42,57,0.1
1800,42,58,0.1
1801,42,59,0.1
1802,42,60,0.1
1803,42,61,0.1
1804,42,62,0.1
1805,42,63,0.1
1806,43,44,0.1
1807,43,45,0.1
1808,43,46,0.1
1809,43,47,0.1
1810,43,48,0.1
1811,43,49,0.1
1812,43,50,0.1
1813,43,51,0.1
1814,43,52,0.1
1815,43,53,0.1
1816,43,54,0.1
1817,43,55,0.1
1818,43,56,0.1
1819,43,57,0.1
1820,43,58,0.1
1821,43,59,0.1
1822,43,60,0.1
1823,43,61,0.1
1824,43,62,0.1
1825,43,63,0.1
1826,44,45,0.1
1827,44,46,0.1
1828,44,47,0.1
1829,44,48,0.1
1830,44,49,0.1
1831,44,50,0.1
1832,44,51,0.1
1833,44,52,0.1
1834,44,53,0.1
1835,44,54,0.1
1836,44,55,0.1
1837,44,56,0.1
1838,44,57,0.1
1839,44,58,0.1
1840,44,59,0.1
1841,44,60,0.1
1842,44,61,0.1
1843,44,62,0.1
1844,44,63,0.1
1845,45,46,0.1
1846,45,47,0.1
1847,45,48,0.1
1848,45,49,0.1
1849,45,50,0.1
1850,45,51,0.1
1851,45,52,0.1
1852,45,53,0.1
1853,45,54,0.1
1854,45,55,0.1
1855,45,56,0.1
1856,45,57,0.1
1857,45,58,0.1
1858,45,59,0.1
1859,45,60,0.1
1860,45,61,0.1
1861,45,62,0.1
1862,45,63,0.1
1863,46,47,0.1
1864,46,48,0.1
1865,46,49,0.1
1866,46,50,0.1
1867,46,51,0.1
1868,46,52,0.1
1869,46,53,0.1
1870,46,54,0.1
1871,46,55,0.1
1872,46,56,0.1
1873,46,57,0.1
1874,46,58,0.1
1875,46,59,0.1
1876,46,60,0.1
1877,46,61,0.1
1878,46,62,0.1
1879,46,63,0.1
1880,47,48,0.1
1881,47,49,0.1
1882,47,50,0.1
1883,47,51,0.1
1884,47,52,0.1
1885,47,53,0.1
1886,47,54,0.1
1887,47,55,0.1
1888,47,56,0.1
1889,47,57,0.1
1890,47,58,0.1
1891,47,59,0.1
1892,47,60,0.1
1893,47,61,0.1
1894,47,62,0.1
1895,47,63,0.1
1896,48,49,0.1
1897,48,50,0.1
1898,48,51,0.1
1899,48,52,0.1
1900,48,53,0.1
1901,48,54,0.1
1902,48,55,0.1
1903,48,56,0.1
1904,48,57,0.1
1905,48,58,0.1
1906,48,59,0.1
1907,48,60,0.1
1908,48,61,0.1
1909,48,62,0.1
1910,48,63,0.1
1911,49,50,0.1
1912,49,51,0.1
1913,49,52,0.1
1914,49,53,0.1
1915,49,54,0.1
1916,49,55,0.1
1917,49,56,0.1
1918,49,57,0.1
1919,49,58,0.1
1920,49,59,0.1
1921,49,60,0.1
1922,49,61,0.1
1923,49,62,0.1
1924,49,63,0.1
1925,50,51,0.1
1926,50,52,0.1
1927,50,53,0.1
1928,50,54,0.1
1929,50,55,0.1
1930,50,56,0.1
1931,50,57,0.1
1932,50,58,0.1
1933,50,59,0.1
1934,50,60,0.1
1935,50,61,0.1
1936,50,62,0.1
1937,50,63,0.1
1938,51,52,0.1
1939,51,53,0.1
1940,51,54,0.1
1941,51,55,0.1
1942,51,56,0.1
1943,51,57,0.1
1944,51,58,0.1
1945,51,59,0.1
1946,51,60,0.1
1947,51,61,0.1
1948,51,62,0.1
1949,51,63,0.1
1950,52,53,0.1
1951,52,54,0.1
1952,52,55,0.1
1953,52,56,0.1
1954,52,57,0.1
1955,52,58,0.1
1956,52,59,0.1
1957,52,60,0.1
1958,52,61,0.1
1959,52,62,0.1
1960,52,63,0.1
1961,53,54,0.1
1962,53,55,0.1
1963,53,56,0.1
1964,53,57,0.1
1965,53,58,0.1
1966,53,59,0.1
1967,53,60,0.1
1968,53,61,0.1
1969,53,62,0.1
1970,53,63,0.1
1971,54,55,0.1
1972,54,56,0.1
1973,54,57,0.1
1974,54,58,0.1
1975,54,59,0.1
1976,54,60,0.1
1977,54,61,0.1
1978,54,62,0.1
1979,54,63,0.1
1980,55,56,0.1
1981,55,57,0.1
1982,55,58,0.1
1983,55,59,0.1
1984,55,60,0.1
1985,55,61,0.1
1986,55,62,0.1
1987,55,63,0.1
1988,56,57,0.1
1989,56,58,0.1
1990,56,59,0.1
1991,56,60,0.1
1992,56,61,0.1
1993,56,62,0.1
1994,56,63,0.1
1995,57,58,0.1
1996,57,59,0.1
1997,57,60,0.1
1998,57,61,0.1
1999,57,62,0.1
2000,57,63,0.1
2001,58,59,0.1
2002,58,60,0.1
2003,58,61,0.1
2004,58,62,0.1
2005,58,63,0.1
2006,59,60,0.1
2007,59,61,0.1
2008,59,62,0.1
2009,59,63,0.1
2010,60,61,0.1
2011,60,62,0.1
2012,60,63,0.1
2013,61,62,0.1
2014,61,63,0.1
2015,62,63,0.1
